Value,Type,Item
30222338364858,Diners Club - Carte Blanche,Credit Card
30251230131065,Diners Club - Carte Blanche,Credit Card
30401915940724,Diners Club - Carte Blanche,Credit Card
36230865719547,Diners Club - International,Credit Card
36499492434727,Diners Club - International,Credit Card
36658430636202,Diners Club - International,Credit Card
341835913085640,American Express (AMEX),Credit Card
346989278117046,American Express (AMEX),Credit Card
378007496353268,American Express (AMEX),Credit Card
0604577081541978,Maestro,Credit Card
3530697571782966,JCB,Credit Card
3534057191922482,JCB,Credit Card
4532582124705936,VISA,Credit Card
4913161522502622,Visa Electron,Credit Card
4913521141498157,Visa Electron,Credit Card
4917732558379089,Visa Electron,Credit Card
4929526306589429,VISA,Credit Card
5038860210666279,Maestro,Credit Card
5239997821922191,MasterCard,Credit Card
5272993000558177,MasterCard,Credit Card
5290633326696875,MasterCard,Credit Card
5405343762167413,Diners Club - North America,Credit Card
5419191399856427,Diners Club - North America,Credit Card
5586236579362543,Diners Club - North America,Credit Card
6011001242385278,Discover,Credit Card
6011032708172330,Discover,Credit Card
6372692401000261,InstaPayment,Credit Card
6374646865649946,InstaPayment,Credit Card
6375928376654246,InstaPayment,Credit Card
6762433278673833,Maestro,Credit Card
3589349381139057940,JCB,Credit Card
4024007189346541691,VISA,Credit Card
6011445076054158047,Discover,Credit Card
3022 2338 3648 58,Diners Club - Carte Blanche,Credit Card
3025 1230 1310 65,Diners Club - Carte Blanche,Credit Card
3040 1915 9407 24,Diners Club - Carte Blanche,Credit Card
3623 0865 7195 47,Diners Club - International,Credit Card
3649 9492 4347 27,Diners Club - International,Credit Card
3665 8430 6362 02,Diners Club - International,Credit Card
3418 3591 3085 640,American Express (AMEX),Credit Card
3469 8927 8117 046,American Express (AMEX),Credit Card
3780 0749 6353 268,American Express (AMEX),Credit Card
0604 5770 8154 1978,Maestro,Credit Card
3530 6975 7178 2966,JCB,Credit Card
3534 0571 9192 2482,JCB,Credit Card
4532 5821 2470 5936,VISA,Credit Card
4913 1615 2250 2622,Visa Electron,Credit Card
4913 5211 4149 8157,Visa Electron,Credit Card
4917 7325 5837 9089,Visa Electron,Credit Card
4929 5263 0658 9429,VISA,Credit Card
5038 8602 1066 6279,Maestro,Credit Card
5239 9978 2192 2191,MasterCard,Credit Card
5272 9930 0055 8177,MasterCard,Credit Card
5290 6333 2669 6875,MasterCard,Credit Card
5405 3437 6216 7413,Diners Club - North America,Credit Card
5419 1913 9985 6427,Diners Club - North America,Credit Card
5586 2365 7936 2543,Diners Club - North America,Credit Card
6011 0012 4238 5278,Discover,Credit Card
6011 0327 0817 2330,Discover,Credit Card
6372 6924 0100 0261,InstaPayment,Credit Card
6374 6468 6564 9946,InstaPayment,Credit Card
6375 9283 7665 4246,InstaPayment,Credit Card
6762 4332 7867 3833,Maestro,Credit Card
3589 3493 8113 9057 940,JCB,Credit Card
4024 0071 8934 6541 691,VISA,Credit Card
6011 4450 7605 4158 047,Discover,Credit Card
3022-2338-3648-58,Diners Club - Carte Blanche,Credit Card
3025-1230-1310-65,Diners Club - Carte Blanche,Credit Card
3040-1915-9407-24,Diners Club - Carte Blanche,Credit Card
3623-0865-7195-47,Diners Club - International,Credit Card
3649-9492-4347-27,Diners Club - International,Credit Card
3665-8430-6362-02,Diners Club - International,Credit Card
3418-3591-3085-640,American Express (AMEX),Credit Card
3469-8927-8117-046,American Express (AMEX),Credit Card
3780-0749-6353-268,American Express (AMEX),Credit Card
0604-5770-8154-1978,Maestro,Credit Card
3530-6975-7178-2966,JCB,Credit Card
3534-0571-9192-2482,JCB,Credit Card
4532-5821-2470-5936,VISA,Credit Card
4913-1615-2250-2622,Visa Electron,Credit Card
4913-5211-4149-8157,Visa Electron,Credit Card
4917-7325-5837-9089,Visa Electron,Credit Card
4929-5263-0658-9429,VISA,Credit Card
5038-8602-1066-6279,Maestro,Credit Card
5239-9978-2192-2191,MasterCard,Credit Card
5272-9930-0055-8177,MasterCard,Credit Card
5290-6333-2669-6875,MasterCard,Credit Card
5405-3437-6216-7413,Diners Club - North America,Credit Card
5419-1913-9985-6427,Diners Club - North America,Credit Card
5586-2365-7936-2543,Diners Club - North America,Credit Card
6011-0012-4238-5278,Discover,Credit Card
6011-0327-0817-2330,Discover,Credit Card
6372-6924-0100-0261,InstaPayment,Credit Card
6374-6468-6564-9946,InstaPayment,Credit Card
6375-9283-7665-4246,InstaPayment,Credit Card
6762-4332-7867-3833,Maestro,Credit Card
3589-3493-8113-9057-940,JCB,Credit Card
4024-0071-8934-6541-691,VISA,Credit Card
6011-4450-7605-4158-047,Discover,Credit Card
